feature,VIF
income,9.049804736540972
white_population,12.098515738749237
black_population,7.653647881154419
asian_population,3.377631998104322
hispanic_population,4.34631851593712
education,8.866244995732712
mean_time_to_work,33.54749746985525
