feature,VIF
income,8.031964550675239
black_population,2.9655308056915803
asian_population,2.1499869361061963
hispanic_population,3.681640705424043
education,7.131743465367261
mean_time_to_work,17.025310843945782
