feature,VIF
black_population,1.3037464409145463
asian_population,1.4276224126252748
hispanic_population,1.4088954243591811
education,1.6503248474230634
