feature,VIF
income,2.2681273996991282
black_population,1.8825475761560304
asian_population,1.4572806309983055
hispanic_population,1.8553925922705734
education,2.795531110556876
mean_time_to_work,1.289684987362723
